id,household_id,division,parish,zone,income_level,occupants,age_head,gender_head,education_head,profession_head,monthly_income_ugx,respondent,period_of_stay,occupancy,housing_quality,roof_material,wall_material,floor_material,water_access,sanitation_facility,road_condition,waste_food_kg,waste_garden_kg,waste_wood_kg,waste_textiles_kg,waste_paper_kg,waste_polythene_kg,waste_plastics_kg,waste_glass_kg,waste_metals_kg,waste_other_kg,waste_total_kg,waste_per_day_kg,waste_per_capita_kg,volume_l,density_kg_l
1,Household_1,Kawempe,Bwaise I,Lubagge,low,3,18-35,Male,Secondary,Business,"<500,000",Spouse,1-3 years,Rented,Bungalow,Iron sheets/tiles,Bricks,Cemented,Yard tap,Shared facilities,Unpaved,6.99,0.094,0,0.027,0.017,0.077,0.077,0,0,0.042,7.324,1.0462857142857145,0.34876190476190483,10,0.474
2,Household_2,Kawempe,Bwaise I,Lubagge,low,7,36-60,Male,Illiterate,Business,"500,000-1,000,000",Son/daughter,>5 years,Occupied by owner,Bungalow,Iron sheets/tiles,Bricks,Tiles,Yard tap,Not shared facilities,Unpaved,12.43,0,0,0.041,0.3,0.217,0.138,0,0,0,13.126,1.8751428571428572,0.26787755102040817,30,0.4375333333333334
3,Household_3,Kawempe,Bwaise I,Lubagge,low,6,36-60,Female,Secondary,Business,"500,000-1,000,000",Household head,>5 years,Occupied by owner,Bungalow,Iron sheets/tiles,Bricks,Tiles,Yard tap,Shared facilities,Unpaved,0,0,0,0,0,4.56,0,0,0,0,4.56,0.6514285714285714,0.10857142857142855,12,0.3799999999999999
4,Household_5,Kawempe,Bwaise I,Bubajjwe,low,11,>60,Male,Secondary,Retired,"500,000-1,000,000",Household head,>5 years,Occupied by owner,Bungalow,Iron sheets/tiles,Bricks,Cemented,Yard tap,Not shared facilities,Unpaved,6.119999999999999,10.47,0.154,0.955,0.131,0.616,0.009,0,0,1.115,19.569999999999997,2.795714285714286,0.25415584415584414,70,0.2795714285714285
5,Household_6,Kawempe,Bwaise I,Bubajjwe,low,2,18-35,Female,Tertiary,Private employee,"500,000-1,000,000",Household head,>5 years,Occupied by owner,Temporary,Iron sheets/tiles,Bricks,Tiles,House connection,Not shared facilities,Unpaved,4.02,0,0,0,0,0.05,0,0,0,0,4.069999999999999,0.5814285714285713,0.29071428571428565,8,0.5087499999999999
6,Household_7,Kawempe,Bwaise I,Bubajjwe,low,7,18-35,Female,Primary,Retired,"<500,000",Household head,>5 years,Occupied by owner,Bungalow,Iron sheets/tiles,Bricks,Cemented,Stand pipe,Not shared facilities,Unpaved,0.154,0,0,0.176,0.02,0.029,0.707,0,0,0.035,1.1209999999999998,0.16014285714285711,0.02287755102040816,14,0.08007142857142856
7,Household_8,Kawempe,Bwaise I,Bubajjwe,low,4,36-60,Female,Secondary,Business,"<500,000",Household head,>5 years,Rented,Bungalow,Iron sheets/tiles,Bricks,Cemented,Stand pipe,Shared facilities,Unpaved,33.900000000000006,0,0,0,0,0,0,0,0,0,33.900000000000006,4.842857142857143,1.210714285714286,100,0.3390000000000001
8,Household_9,Kawempe,Bwaise I,Bubajjwe,low,3,18-35,Female,Primary,Business,"<500,000",Household head,3-5 years,Rented,Bungalow,Iron sheets/tiles,Bricks,Cemented,Stand pipe,Shared facilities,Unpaved,9.12,0,0,0.568,0.038,0,0,0,0.124,0.45,10.3,1.4714285714285713,0.49047619047619045,34,0.3029411764705882
9,Household_10,Kawempe,Bwaise I,Bubajjwe,low,2,36-60,Female,Primary,Business,"<500,000",Household head,1-3 years,Rented,Bungalow,Iron sheets/tiles,Bricks,Cemented,Yard tap,Shared facilities,Unpaved,11.5,0,0,0,0,0.048,0,0,0,0,11.548,1.6497142857142857,0.8248571428571428,40,0.2887
10,Household_11,Kawempe,Bwaise I,Bubajjwe,low,3,18-35,Female,Primary,Business,"<500,000",Son/daughter,>5 years,Rented,Bungalow,Iron sheets/tiles,Bricks,Cemented,Stand pipe,Not shared facilities,Unpaved,10.3,0,0,0,0.098,0,0.153,0,0,0.019,10.570000000000002,1.5100000000000002,0.5033333333333334,20,0.5285000000000001
11,Household_12,Kawempe,Bwaise I,Bubajjwe,low,2,36-60,Female,Primary,Business,"500,000-1,000,000",Son/daughter,3-5 years,Rented,Bungalow,Iron sheets/tiles,Bricks,Cemented,Stand pipe,Not shared facilities,Unpaved,6.640000000000001,0,0,0.025,0.1,0,0,0,0,0,6.765000000000001,0.9664285714285716,0.48321428571428576,24,0.28187500000000004
12,Household_14,Kawempe,Bwaise I,Bishop Mukwaya,low,4,18-35,Male,Secondary,Housewife,"<500,000",Household head,>5 years,Occupied by owner,Bungalow,Iron sheets/tiles,Bricks,Tiles,House connection,Not shared facilities,Unpaved,8.52,0,0,0.055,0,0,0,0.029,0,0.329,8.933,1.276142857142857,0.31903571428571426,30,0.2977666666666667
13,Household_15,Kawempe,Bwaise I,Bishop Mukwaya,low,3,>60,Male,Primary,Retired,"<500,000",Household head,>5 years,Occupied by owner,Bungalow,Iron sheets/tiles,Bricks,Cemented,Stand pipe,Not shared facilities,Unpaved,0.21,0,0,0,0,0.8699999999999999,0.5700000000000001,0,0,0.5,2.15,0.3071428571428571,0.10238095238095236,4,0.5375
14,Household_16,Kawempe,Bwaise I,Bishop Mukwaya,low,6,36-60,Male,Illiterate,Business,"<500,000",Son/daughter,>5 years,Rented,Bungalow,Iron sheets/tiles,Bricks,Cemented,Stand pipe,Not shared facilities,Unpaved,9.42,0,0.069,0.309,0.288,0.474,0.151,0,0,0.8399999999999999,11.551,1.6501428571428571,0.2750238095238095,40,0.288775
15,Household_17,Kawempe,Bwaise I,Bishop Mukwaya,low,11,>60,Male,Primary,Business,"<500,000",Household head,>5 years,Occupied by owner,Temporary,Iron sheets/tiles,Bricks,Cemented,Yard tap,Not shared facilities,Unpaved,13.12,0,0,2.4299999999999997,0,4.29,1.7160000000000002,0,0,0,21.556,3.0794285714285716,0.27994805194805195,64,0.3368125
16,Household_18,Kawempe,Bwaise I,Bishop Mukwaya,low,3,18-35,Female,Secondary,Business,"<500,000",Household head,1-3 years,Rented,Bungalow,Iron sheets/tiles,Mud/poles,Mud,Stand pipe,Shared facilities,Unpaved,4.18,0,0,0,0,0.507,0,0,0,0.515,5.202,0.7431428571428571,0.2477142857142857,10,0.5202
17,Household_19,Kawempe,Bwaise I,Bishop Mukwaya,low,12,36-60,Female,Secondary,Business,"<500,000",Household head,>5 years,Occupied by owner,Bungalow,Iron sheets/tiles,Mud/poles,Mud,Stand pipe,Shared facilities,Unpaved,34.08,0,0,0,0,0,0,0,0,0,37.28,5.325714285714286,0.4438095238095238,140,0.2662857142857143
18,Household_21,Kawempe,Bwaise I,Lule,low,6,36-60,Male,Tertiary,Government employee,"1,000,000-3,000,000",Spouse,1-3 years,Rented,Bungalow,Iron sheets/tiles,Bricks,Tiles,House connection,Not shared facilities,Unpaved,22.380000000000003,0.415,0,0,0.237,0.329,1.492,0,0,0.081,24.934,3.5620000000000003,0.5936666666666667,70,0.3562
19,Household_22,Kawempe,Bwaise I,Lule,low,7,>60,Male,Secondary,Business,"500,000-1,000,000",Spouse,>5 years,Occupied by owner,Bungalow,Iron sheets/tiles,Bricks,Cemented,Yard tap,Not shared facilities,Unpaved,11.9,0,0,1.025,0,1.059,0.702,0,0,0.181,14.867,2.1238571428571427,0.3034081632653061,34,0.4372647058823529
20,Household_23,Kawempe,Bwaise I,Lule,low,3,18-35,Male,Illiterate,Retired,"<500,000",Household head,1-3 years,Rented,Bungalow,Iron sheets/tiles,Bricks,Cemented,Stand pipe,Not shared facilities,Unpaved,18.865,0,0,0,0.054,0.395,0.151,0,0,0,19.464999999999996,2.7807142857142852,0.9269047619047618,64,0.30414062499999994
21,Household_25,Kawempe,Bwaise I,Lule,low,2,18-35,Male,Secondary,Private employee,"500,000-1,000,000",Household head,1-3 years,Rented,Bungalow,Iron sheets/tiles,Bricks,Cemented,Yard tap,Not shared facilities,Unpaved,2.9,0,0,0.08299999999999999,0.108,0.088,0,0,0,2.555,5.734,0.8191428571428572,0.4095714285714286,34,0.1686470588235294
22,Household_26,Kawempe,Bwaise I,Lule,low,6,36-60,Female,Illiterate,Government employee,"<500,000",Household head,>5 years,Occupied by owner,Bungalow,Iron sheets/tiles,Bricks,Cemented,House connection,Not shared facilities,Unpaved,12.18,0,0,0.016999999999999987,0.034,1.67,0.15200000000000002,0,0.151,0,14.204,2.029142857142857,0.33819047619047615,30,0.47346666666666665
23,Household_27,Kawempe,Bwaise I,Lule,low,3,18-35,Male,Tertiary,Private employee,"500,000-1,000,000",Spouse,1-3 years,Rented,Bungalow,Iron sheets/tiles,Bricks,Cemented,Stand pipe,Not shared facilities,Unpaved,0.096,0,0,0,0.04799999999999999,0.05199999999999999,0.14600000000000002,0,0,0,0.34199999999999997,0.048857142857142856,0.016285714285714285,4,0.0855
24,Household_28,Kawempe,Bwaise I,Lule,low,3,18-35,Male,Tertiary,Business,"500,000-1,000,000",Household head,1-3 years,Rented,Bungalow,Iron sheets/tiles,Bricks,Cemented,Yard tap,Not shared facilities,Unpaved,0.564,0,0,0,0,0.07899999999999999,0.142,0,0,0,0.785,0.11214285714285711,0.037380952380952376,8,0.098125
25,Household_31,Kawempe,Bwaise I,Lule,low,4,18-35,Male,Secondary,Private employee,"<500,000",Spouse,3-5 years,Rented,Bungalow,Iron sheets/tiles,Bricks,Cemented,Yard tap,Not shared facilities,Unpaved,7.1,0,0,0.28,0,0.46,0.095,0,0,0,7.935,1.1335714285714285,0.2833928571428571,20,0.39675
26,Household_32,Kawempe,Bwaise I,Lule,low,2,36-60,Male,Secondary,Business,"<500,000",Spouse,1-3 years,Rented,Bungalow,Iron sheets/tiles,Bricks,Cemented,Yard tap,Shared facilities,Unpaved,14.06,0,0,0,0.013000000000000012,0.127,0.089,0,0.112,0.207,14.608000000000002,2.086857142857143,1.0434285714285716,34,0.4296470588235295
27,Household_35,Kawempe,Bwaise I,Lule,low,5,18-35,Male,Secondary,Business,"<500,000",Spouse,<1 year,Rented,Bungalow,Iron sheets/tiles,Bricks,Cemented,Yard tap,Shared facilities,Unpaved,29.38,9.35,0,0,0,3.28,1.99,0,0,0,44,6.285714285714286,1.2571428571428571,140,0.3142857142857143
28,Household_36,Kawempe,Bwaise I,Lule,low,3,36-60,Male,Primary,Business,"<500,000",Spouse,1-3 years,Rented,Temporary,Iron sheets/tiles,Bricks,Cemented,Stand pipe,Shared facilities,Unpaved,6.68,0,0,0,0.029,0.38,0.032,0,0,0.237,7.358,1.0511428571428572,0.3503809523809524,18,0.40877777777777774
29,Household_39,Kawempe,Bwaise I,Kiyaga,low,8,>60,Female,Primary,Retired,"<500,000",Household head,3-5 years,Occupied by owner,Bungalow,Iron sheets/tiles,Bricks,Cemented,Yard tap,Not shared facilities,Unpaved,5.26,0,0,0.133,0.197,1.261,1.18,0,0,0,8.031,1.1472857142857145,0.1434107142857143,24,0.334625
30,Household_41,Kawempe,Bwaise I,Kiyaga,low,3,36-60,Male,Tertiary,Government employee,"500,000-1,000,000",Household head,>5 years,Occupied by owner,Bungalow,Iron sheets/tiles,Bricks,Cemented,House connection,Not shared facilities,Unpaved,1.38,0,0,0,0.171,0.21700000000000003,0.08899999999999997,0,0.038000000000000006,0,1.895,0.27071428571428574,0.09023809523809524,4,0.47375
31,Household_44,Kawempe,Bwaise I,Kulumba,low,2,>60,Female,Illiterate,Retired,"<500,000",Son/daughter,>5 years,Occupied by owner,Bungalow,Iron sheets/tiles,Bricks,Cemented,Yard tap,Shared facilities,Unpaved,8.24,0,0,0.07,0.091,0.4459999999999999,0.03900000000000001,0,0,0,8.886,1.2694285714285714,0.6347142857142857,20,0.4443
32,Household_45,Kawempe,Bwaise I,Kulumba,low,4,18-35,Male,Secondary,Private employee,"500,000-1,000,000",Spouse,1-3 years,Rented,Bungalow,Iron sheets/tiles,Bricks,Cemented,Stand pipe,Not shared facilities,Unpaved,4,0,0,0,0.04999999999999999,0.121,0,0,0,0,4.170999999999999,0.5958571428571428,0.1489642857142857,8,0.5213749999999999
33,Household_46,Kawempe,Bwaise I,Kulumba,low,6,36-60,Male,Secondary,Business,"500,000-1,000,000",Spouse,>5 years,Rented,Bungalow,Iron sheets/tiles,Bricks,Cemented,Stand pipe,Shared facilities,Unpaved,18,0,0,0,0.07300000000000001,1.5699999999999998,0.3359999999999999,0,0,0,19.979,2.854142857142857,0.47569047619047616,74,0.2699864864864865
34,Household_47,Kawempe,Bwaise I,Kulumba,low,4,>60,Female,Secondary,Business,"<500,000",Household head,>5 years,Occupied by owner,Bungalow,Iron sheets/tiles,Bricks,Cemented,Yard tap,Not shared facilities,Unpaved,23.44,0,0,0,0,2.26,4.42,0,0,10.18,40.3,5.757142857142858,1.4392857142857145,160,0.251875
35,Household_48,Kawempe,Bwaise I,Kulumba,low,8,>60,Female,Secondary,Business,"<500,000",Household head,>5 years,Occupied by owner,Bungalow,Iron sheets/tiles,Bricks,Cemented,Yard tap,Shared facilities,Unpaved,8.7,7.08,0,0.08099999999999999,0.031,0.467,0.04899999999999998,0,0,0,16.407999999999998,2.344,0.293,44,0.37290909090909086
36,Household_51,Kawempe,Bwaise I,Kulumba,low,6,>60,Male,Secondary,Private employee,"500,000-1,000,000",Spouse,>5 years,Occupied by owner,Bungalow,Iron sheets/tiles,Bricks,Cemented,House connection,Not shared facilities,Unpaved,13.78,10.99,0.23,0.901,0.022999999999999993,0.612,0.07999999999999999,0,0.04300000000000001,0,26.658999999999995,3.8084285714285713,0.6347380952380951,70,0.3808428571428571
37,Household_52,Kawempe,Bwaise I,Kulumba,low,7,36-60,Female,Secondary,Business,"<500,000",Household head,>5 years,Occupied by owner,Bungalow,Iron sheets/tiles,Bricks,Cemented,Yard tap,Not shared facilities,Unpaved,5.66,0,0,0,0.015000000000000012,0.19,0.062,0,0,0,5.9270000000000005,0.8467142857142858,0.1209591836734694,12,0.4939166666666667
38,Household_53,Kawempe,Bwaise I,Kulumba,low,6,36-60,Male,Secondary,Business,"<500,000",Spouse,>5 years,Rented,Bungalow,Iron sheets/tiles,Bricks,Cemented,Stand pipe,Not shared facilities,Unpaved,2.001,0,0,0.022999999999999993,0,0.255,0.02099999999999999,0,0,0.08399999999999998,2.384,0.3405714285714286,0.05676190476190476,6,0.39733333333333326
39,Household_54,Kawempe,Bwaise I,Kulumba,low,2,18-35,Male,Secondary,Business,"<500,000",Spouse,1-3 years,Rented,Bungalow,Iron sheets/tiles,Bricks,Cemented,Yard tap,Shared facilities,Unpaved,7.74,0,0,0,0.176,0.03,0,0,0,0,7.946,1.1351428571428572,0.5675714285714286,10,0.7946
40,Household_1,Nakawa,Bukoto I,Ssemwogerere,middle,4,36-60,Male,Tertiary,Business,"500,000-1,000,000",Household head,>5 years,Occupied by owner,Bungalow,Iron sheets,Bricks,Tiles,House connection,Not shared facilities,Unpaved,15,0,0,0,0.065,0.2389999999999999,0.14700000000000002,0,0,1.385,16.84,2.4057142857142857,0.6014285714285714,70,0.24
41,Household_2,Nakawa,Bukoto I,Ssemwogerere,middle,2,36-60,Male,Illiterate,Private employee,"<500,000",Household head,1-3 years,Rented,Bungalow,Iron sheets,Bricks,Cemented,Yard tap,Shared facilities,Unpaved,5.46,0.255,0,0,0.034,0.185,0.089,0,0,0.186,6.21,0.8871428571428571,0.44357142857142856,8,0.78
42,Household_3,Nakawa,Bukoto I,Ssemwogerere,middle,4,36-60,Female,Secondary,Private employee,"500,000-1,000,000",Household head,<1 year,Rented,Bungalow,Iron sheets,Bricks,Tiles,House connection,Not shared facilities,Unpaved,19.28,0,0,0,0.009000000000000008,0.35400000000000004,0.197,0,0,0.18,20.02,2.86,0.715,40,0.5
43,Household_4,Nakawa,Bukoto I,Ssemwogerere,middle,1,36-60,Male,Secondary,Business,"500,000-1,000,000",Son/daughter,>5 years,Rented,Bungalow,Iron sheets,Bricks,Cemented,House connection,Not shared facilities,Unpaved,5.2,0,0,0,0,0.087,0.11,0,0.095,0,5.49,0.7842857142857144,0.7842857142857144,8,0.69
44,Household_8,Nakawa,Bukoto I,Ssemwogerere,middle,3,36-60,Female,Tertiary,Private employee,"500,000-1,000,000",Spouse,>5 years,Rented,Bungalow,Iron sheets,Bricks,Tiles,House connection,Not shared facilities,Unpaved,10.67,3.68,0,0,1.56,1,0.32,0.32,0,0.96,18.51,2.6442857142857146,0.8814285714285716,50,0.37
45,Household_9,Nakawa,Bukoto I,Ssemwogerere,middle,2,18-35,Female,Secondary,Business,"500,000-1,000,000",Household head,<1 year,Rented,Bungalow,Iron sheets,Bricks,Cemented,Stand pipe,Shared facilities,Unpaved,5,2.34,0,0,0.05,0.045,0.243,0,0,0.36,8.038,1.1482857142857144,0.5741428571428572,10,0.8038
46,Household_10,Nakawa,Bukoto I,Ssemwogerere,middle,2,36-60,Male,Tertiary,Private employee,"500,000-1,000,000",Household head,>5 years,Occupied by owner,Bungalow,Iron sheets,Bricks,Cemented,Yard tap,Shared facilities,Unpaved,8.17,0,0,0,0.347,0.0020000000000000018,0,0,0,1.3,9.82,1.4028571428571428,0.7014285714285714,12,0.82
47,Household_11,Nakawa,Bukoto I,Ssemwogerere,middle,1,36-60,Male,Tertiary,Government employee,"500,000-1,000,000",Spouse,1-3 years,Rented,Bungalow,Iron sheets,Bricks,Cemented,Yard tap,Shared facilities,Unpaved,2.161,0,0,0,0.04600000000000001,0.2,0.015999999999999986,0,0,0.204,2.63,0.3757142857142858,0.3757142857142858,6,0.44
48,Household_12,Nakawa,Bukoto I,Ssemwogerere,middle,2,36-60,Female,Tertiary,Private employee,"500,000-1,000,000",Son/daughter,>5 years,Occupied by owner,Bungalow,Iron sheets,Bricks,Cemented,Yard tap,Shared facilities,Unpaved,6.88,0,0.1,0.03900000000000001,0.355,0.43700000000000006,0.347,0,0,0.013000000000000012,8.17,1.167142857142857,0.5835714285714285,10,0.82
49,Household_13,Nakawa,Bukoto I,Ssemwogerere,middle,4,18-35,Male,Tertiary,Business,"500,000-1,000,000",Spouse,<1 year,Rented,Bungalow,Iron sheets,Bricks,Tiles,House connection,Not shared facilities,Unpaved,18.2,0,0,0.411,0.16799999999999998,0.45,0.061,0,0,1.48,20.77,2.967142857142857,0.7417857142857143,64,0.32
50,Household_16,Nakawa,Bukoto I,Ssemwogerere,middle,7,36-60,Female,Tertiary,Retired,"<500,000",Son/daughter,>5 years,Occupied by owner,Bungalow,Iron sheets,Bricks,Tiles,House connection,Not shared facilities,Unpaved,32,1.73,0,0,2.14,0.98,0.052,0,0,1.09,37.99,5.427142857142857,0.7753061224489796,120,0.32
51,Household_18,Nakawa,Bukoto I,Ssemwogerere,middle,4,36-60,Female,Tertiary,Private employee,"500,000-1,000,000",Son/daughter,>5 years,Rented,Bungalow,Iron sheets,Bricks,Cemented,Yard tap,Shared facilities,Unpaved,14.62,2.21,0,0.8,0.64,0.24,0.078,0,0,3.67,22.26,3.18,0.795,54,0.41
52,Household_19,Nakawa,Bukoto I,Ssemwogerere,middle,9,18-35,Female,Tertiary,Government employee,"500,000-1,000,000",Niece/nephew,3-5 years,Rented,Bungalow,Iron sheets,Bricks,Cemented,House connection,Not shared facilities,Unpaved,40.72,0,0,1.76,0.275,1.67,1.054,0,0,0,45.479,6.497,0.7218888888888889,140,0.325
53,Household_20,Nakawa,Bukoto I,Ssemwogerere,middle,6,36-60,Male,Secondary,Government employee,"500,000-1,000,000",Son/daughter,>5 years,Occupied by owner,Bungalow,Iron sheets,Bricks,Cemented,House connection,Not shared facilities,Unpaved,8.64,0,0,3.5514,0.6420000000000001,0.756,0.09,0,0.03900000000000001,0,13.7184,1.9597714285714287,0.32662857142857143,20,0.686
54,Household_21,Nakawa,Bukoto I,Ssemwogerere,middle,2,36-60,Female,Tertiary,Government employee,"500,000-1,000,000",Son/daughter,1-3 years,Rented,Bungalow,Iron sheets,Bricks,Cemented,Yard tap,Shared facilities,Unpaved,7.61,0,0,0,0.005,0.21,0.194,0,0,0,8.019,1.145571428571429,0.5727857142857143,10,0.802
55,Household_22,Nakawa,Bukoto I,Ssemwogerere,middle,4,>60,Female,Tertiary,Retired,"500,000-1,000,000",Household head,>5 years,Occupied by owner,Bungalow,Iron sheets,Bricks,Tiles,House connection,Not shared facilities,Unpaved,20.6,0,0,0,0,0.402,0.14,0,0,1.48,22.622,3.2317142857142858,0.8079285714285716,50,0.452
56,Household_23,Nakawa,Bukoto I,Ssemwogerere,middle,2,18-35,Male,Secondary,Business,"500,000-1,000,000",Household head,1-3 years,Rented,Bungalow,Iron sheets,Bricks,Tiles,Yard tap,Shared facilities,Unpaved,7,0,0,0,0,0,0.192,0.193,0.089,0,7.474,1.0677142857142858,0.5338571428571429,10,0.747
57,Household_25,Nakawa,Bukoto I,Ssemwogerere,middle,3,36-60,Male,Secondary,Business,"500,000-1,000,000",Spouse,>5 years,Occupied by owner,Bungalow,Iron sheets,Bricks,Tiles,House connection,Not shared facilities,Unpaved,4.972,0,0,0.34,0,0.22,0.315,0.218,0,0,6.065,0.8664285714285715,0.2888095238095238,12,0.5054166666666667
58,Household_26,Nakawa,Bukoto I,Mukalazi,middle,2,36-60,Male,Secondary,Private employee,"500,000-1,000,000",Spouse,<1 year,Rented,Bungalow,Iron sheets,Bricks,Cemented,Yard tap,Shared facilities,Unpaved,3.57,0,0,0,0.07700000000000001,0.29,0.195,0,0.177,2.64,3.379,0.4827142857142857,0.24135714285714285,6,0.563
59,Household_29,Nakawa,Bukoto I,Mukalazi,middle,1,18-35,Female,Tertiary,Private employee,"500,000-1,000,000",Household head,>5 years,Occupied by owner,Bungalow,Iron sheets,Bricks,Tiles,House connection,Not shared facilities,Unpaved,4.772,0,0,0,0,0.16,0.315,0,0,0,5.247,0.7495714285714284,0.7495714285714284,8,0.656
60,Household_30,Nakawa,Bukoto I,Mukalazi,middle,6,18-35,Male,Secondary,Private employee,"500,000-1,000,000",Household head,>5 years,Rented,Bungalow,Iron sheets,Bricks,Tiles,House connection,Not shared facilities,Unpaved,6.28,0,0,0.137,0.525,0.458,0.271,0,0.002,0,7.67,1.0957142857142856,0.1826190476190476,10,0.767
61,Household_31,Nakawa,Bukoto I,Mukalazi,middle,2,18-35,Male,Tertiary,Business,"500,000-1,000,000",Household head,>5 years,Occupied by owner,Bungalow,Iron sheets,Bricks,Cemented,Yard tap,Shared facilities,Unpaved,5.22,0,0,0.256,0.18,0.8939999999999998,0.182,0,0.013000000000000012,1.66,8.41,1.2014285714285715,0.6007142857142858,10,0.841
62,Household_32,Nakawa,Bukoto I,Mukalazi,middle,6,18-35,Male,Primary,Government employee,"500,000-1,000,000",Son/daughter,1-3 years,Rented,Bungalow,Iron sheets,Bricks,Tiles,House connection,Not shared facilities,Unpaved,4.48,0,0,0,0.284,0.295,0,0,0.145,0.458,5.662,0.8088571428571428,0.1348095238095238,8,0.708
63,Household_33,Nakawa,Bukoto I,Mukalazi,middle,3,18-35,Female,Secondary,Business,"500,000-1,000,000",Household head,>5 years,Rented,Bungalow,Iron sheets,Bricks,Cemented,Yard tap,Shared facilities,Unpaved,4.52,0,0,0,0.35,0.364,0.154,0,0,1.03,6.42,0.9171428571428573,0.3057142857142857,10,0.642
64,Household_34,Nakawa,Bukoto I,Mukalazi,middle,2,18-35,Male,Secondary,Business,"500,000-1,000,000",Household head,1-3 years,Rented,Bungalow,Iron sheets,Bricks,Cemented,Yard tap,Shared facilities,Unpaved,2,0,0,0,0.314,0.191,0.183,0,0,0,2.688,0.384,0.192,4,0.672
65,Household_35,Nakawa,Bukoto I,Mukalazi,middle,1,18-35,Female,Secondary,Business,"500,000-1,000,000",Household head,<1 year,Occupied by owner,Bungalow,Iron sheets,Bricks,Cemented,Yard tap,Shared facilities,Unpaved,3.89,0,0,0,0.381,0.289,0.274,0,0,0.53,4.834,0.6905714285714285,0.6905714285714285,6,0.806
66,Household_36,Nakawa,Bukoto I,Mukalazi,middle,2,36-60,Male,Secondary,Private employee,"500,000-1,000,000",Household head,>5 years,Rented,Bungalow,Iron sheets,Bricks,Cemented,Yard tap,Not shared facilities,Unpaved,0.775,0,0,0.238,0.332,0.489,0.333,0,0.165,0.189,2.521,0.36014285714285715,0.18007142857142858,4,0.63
67,Household_37,Nakawa,Bukoto I,Mukalazi,middle,6,36-60,Male,Tertiary,Private employee,"500,000-1,000,000",Son/daughter,>5 years,Occupied by owner,Bungalow,Iron sheets,Bricks,Tiles,House connection,Shared facilities,Unpaved,16.12,0,0,0,0.319,0.561,0.599,0,0.142,0.757,18.498,2.642571428571429,0.44042857142857145,54,0.343
68,Household_39,Nakawa,Bukoto I,Mukalazi,middle,3,18-35,Male,Tertiary,Private employee,"500,000-1,000,000",Household head,1-3 years,Rented,Bungalow,Iron sheets,Bricks,Tiles,House connection,Not shared facilities,Unpaved,10.34,0,0,0,0.384,0.348,0.388,0,0,1.129,12.589,1.7984285714285717,0.5994761904761905,32,0.39340625
69,Household_41,Nakawa,Bukoto I,Mukalazi,middle,6,18-35,Male,Tertiary,Private employee,"500,000-1,000,000",Spouse,1-3 years,Rented,Bungalow,Iron sheets,Bricks,Tiles,House connection,Not shared facilities,Unpaved,11.34,0,0,0.013,0.294,0.634,0.627,0,0,0,12.908,1.844,0.30733333333333335,36,0.35855555555555557
70,Household_42,Nakawa,Bukoto I,Mukalazi,middle,7,>60,Female,Illiterate,Business,"500,000-1,000,000",Household head,>5 years,Occupied by owner,Bungalow,Iron sheets,Bricks,Cemented,Stand pipe,Shared facilities,Unpaved,22.38,0,0.23,0,0.691,0.579,0.345,0.37,0,2.78,27.375,3.9107142857142856,0.5586734693877551,64,0.428
71,Household_43,Nakawa,Bukoto I,Mukalazi,middle,8,36-60,Male,Tertiary,Business,"500,000-1,000,000",Son/daughter,>5 years,Rented,Bungalow,Iron sheets,Bricks,Tiles,House connection,Not shared facilities,Unpaved,23.54,0,0,0,0.678,0.412,0.234,0,0,1.68,26.544,3.792,0.474,60,0.442
72,Household_1,Makindye,Ggaba,Nsubuga Godioz,high,6,>60,Male,Tertiary,Business,">3,000,000",Spouse,>5 years,Occupied by owner,Story building,Tiles,Bricks,Tiles,House connection,Not shared facilities,Paved,42.2,0,0,0.153,0.586,0.668,1.03,0,0.963,4.38,49.98,7.140000000000001,1.1900000000000002,160,0.312375
73,Household_3,Makindye,Ggaba,Nsubuga Godioz,high,9,18-35,Female,Tertiary,Government employee,"1,000,000-3,000,000",Household head,>5 years,Occupied by owner,Story building,Tiles,Bricks,Tiles,House connection,Not shared facilities,Paved,36.98,2.4,0,0.167,0.345,0.543,0.879,0,0,5.67,46.984,6.712000000000001,0.7457777777777779,150,0.31322666666666665
74,Household_4,Makindye,Ggaba,Nsubuga Godioz,high,8,>60,Male,Tertiary,Private employee,">3,000,000",Household head,>5 years,Occupied by owner,Story building,Tiles,Concrete blocks,Tiles,House connection,Not shared facilities,Paved,18.62,0.534,0,0,0.523,0.782,0.946,0,0.834,0.261,22.5,3.2142857142857144,0.4017857142857143,80,0.28125
75,Household_5,Makindye,Ggaba,Nsubuga Godioz,high,2,>60,Male,Tertiary,Retired,"1,000,000-3,000,000",Household head,>5 years,Occupied by owner,Story building,Tiles,Bricks,Tiles,House connection,Not shared facilities,Paved,4.32,6.12,0,0,0.128,0.45,0.54,0,0,0,11.558,1.651142857142857,0.8255714285714285,36,0.32105555555555554
76,Household_6,Makindye,Ggaba,Nsubuga Godioz,high,4,36-60,Male,Tertiary,Private employee,"1,000,000-3,000,000",Household head,>5 years,Occupied by owner,Bungalow,Cemented,Bricks,Tiles,House connection,Not shared facilities,Paved,16.28,0,0,0,0,0.345,0.563,0,0.696,3.216,21.1,3.0142857142857147,0.7535714285714287,68,0.31029411764705883
77,Household_7,Makindye,Ggaba,Nsubuga Godioz,high,6,36-60,Male,Tertiary,Government employee,">3,000,000",Household head,>5 years,Occupied by owner,Bungalow,Tiles,Bricks,Tiles,House connection,Not shared facilities,Paved,42,5.784,0,0.216,0.835,2.452,2.675,0,2.674,6.12,60.081999999999994,8.583142857142857,1.4305238095238095,200,0.30040999999999995
78,Household_8,Makindye,Ggaba,Nsubuga Godioz,high,7,36-60,Male,Tertiary,Government employee,">3,000,000",Spouse,>5 years,Occupied by owner,Story building,Tiles,Bricks,Tiles,House connection,Not shared facilities,Paved,46.34,4.284,0,0.346,0.785,1.552,0.806,0,0,0,54.11299999999999,7.730428571428569,1.10434693877551,186,0.2909301075268817
79,Household_9,Makindye,Ggaba,Nsubuga Godioz,high,3,18-35,Male,Tertiary,Private employee,"1,000,000-3,000,000",Household head,>5 years,Occupied by owner,Story building,Tiles,Bricks,Tiles,House connection,Not shared facilities,Paved,8.366,2.56,0,0.17,0.38,0.51,0.42,0,0,0,12.406,1.7722857142857145,0.5907619047619048,24,0.5169166666666667
80,Household_10,Makindye,Ggaba,Nsubuga Godioz,high,3,>60,Male,Tertiary,Private employee,">3,000,000",Household head,>5 years,Occupied by owner,Story building,Tiles,Bricks,Tiles,House connection,Not shared facilities,Unpaved,20.46,0.565,0,0,0.327,0.509,0.873,0,0,2.03,24.764000000000006,3.5377142857142867,1.1792380952380956,74,0.33464864864864874
81,Household_11,Makindye,Ggaba,Nsubuga Godioz,high,5,36-60,Male,Tertiary,Government employee,">3,000,000",Household head,>5 years,Rented,Story building,Tiles,Bricks,Tiles,House connection,Not shared facilities,Paved,53.52,6.342,0,0.234,0.476,1.673,2.346,0,1.095,2.345,68.031,9.718714285714286,1.9437428571428572,224,0.30370982142857145
82,Household_12,Makindye,Ggaba,Nsubuga Godioz,high,4,36-60,Male,Tertiary,Government employee,">3,000,000",Household head,>5 years,Rented,Story building,Tiles,Bricks,Tiles,House connection,Not shared facilities,Paved,42.62,3.392,0,0.434,0.696,1.873,1.38,0,0,1.348,51.742999999999995,7.391857142857142,1.8479642857142855,174,0.29737356321839076
83,Household_13,Makindye,Ggaba,Nsubuga Godioz,high,7,36-60,Male,Tertiary,Private employee,">3,000,000",Household head,3-5 years,Rented,Story building,Tiles,Bricks,Tiles,House connection,Not shared facilities,Paved,33.5,0,0,0.289,0.128,0.543,0.326,0,0,6.08,40.866,5.838,0.834,110,0.3715090909090909
84,Household_15,Makindye,Ggaba,Nsubuga Godioz,high,3,>60,Male,Tertiary,Private employee,">3,000,000",Household head,>5 years,Occupied by owner,Story building,Tiles,Bricks,Tiles,House connection,Not shared facilities,Paved,9.68,0,0,0,0.32,0.372,0.429,0,0,3.94,14.741,2.105857142857143,0.701952380952381,54,0.2729814814814815
85,Household_16,Makindye,Ggaba,Nsubuga Godioz,high,8,>60,Male,Tertiary,Private employee,">3,000,000",Spouse,>5 years,Occupied by owner,Bungalow,Tiles,Bricks,Tiles,House connection,Not shared facilities,Unpaved,21.342,0,0,0,1.5510000000000002,1.813,1.289,0.205,0.123,0,26.323,3.760428571428572,0.47005357142857146,80,0.3290375
86,Household_17,Makindye,Ggaba,Nsubuga Godioz,high,12,36-60,Male,Secondary,Business,">3,000,000",Household head,>5 years,Occupied by owner,Story building,Tiles,Bricks,Tiles,House connection,Not shared facilities,Paved,19.12,7.26,0,0.55,0.567,0.923,2.125,0,0,3.12,33.665,4.809285714285714,0.40077380952380953,100,0.33665
87,Household_19,Makindye,Ggaba,Nsubuga Godioz,high,4,36-60,Male,Tertiary,Private employee,"1,000,000-3,000,000",Household head,>5 years,Occupied by owner,Story building,Tiles,Bricks,Tiles,House connection,Not shared facilities,Paved,32.19,0,0,0,0.587,0.82,0.963,0,0,0,34.56,4.937142857142858,1.2342857142857144,112,0.3085714285714286
88,Household_20,Makindye,Ggaba,Nsubuga Godioz,high,7,>60,Male,Tertiary,Retired,"1,000,000-3,000,000",Household head,>5 years,Occupied by owner,Bungalow,Tiles,Bricks,Tiles,House connection,Not shared facilities,Paved,53.879999999999995,8.03,0,0,0.925,0.7586,1.043,0,0,4.07,68.70660000000001,9.815228571428573,1.4021755102040818,244,0.28158442622950824
89,Household_21,Makindye,Ggaba,Nsubuga Godioz,high,5,>60,Male,Tertiary,Retired,"1,000,000-3,000,000",Spouse,>5 years,Occupied by owner,Bungalow,Tiles,Bricks,Tiles,House connection,Not shared facilities,Paved,5.89,4.76,0.8,0,0.29,0.45,0.54,0,0,0,12.729999999999997,1.818571428571428,0.3637142857142856,34,0.3744117647058822
90,Household_22,Makindye,Ggaba,Nsubuga Godioz,high,3,>60,Female,Tertiary,Retired,"1,000,000-3,000,000",Household head,>5 years,Occupied by owner,Story building,Tiles,Bricks,Tiles,House connection,Not shared facilities,Paved,26.18,0,0,0,0.237,0.72,0.763,0,0,0,27.9,3.9857142857142858,1.3285714285714283,84,0.33214285714285713
91,Household_23,Makindye,Ggaba,Nsubuga Godioz,high,3,>60,Male,Tertiary,Business,">3,000,000",Spouse,>5 years,Occupied by owner,Story building,Tiles,Bricks,Tiles,House connection,Not shared facilities,Paved,12.66,0,0,0.16,0.69,0.48,0.47,0,0,1.26,15.72,2.245714285714286,0.7485714285714287,44,0.3572727272727273
92,Household_24,Makindye,Ggaba,Nsubuga Godioz,high,6,36-60,Male,Tertiary,Government employee,"1,000,000-3,000,000",Household head,>5 years,Occupied by owner,Story building,Tiles,Bricks,Tiles,House connection,Not shared facilities,Paved,34.42,6.42,0,0,0.631,0.319,1.173,0,0.408,1.908,45.27900000000001,6.468428571428573,1.0780714285714288,148,0.3059391891891893
93,Household_25,Makindye,Ggaba,Nsubuga Godioz,high,3,>60,Male,Tertiary,Business,"1,000,000-3,000,000",Son/daughter,>5 years,Occupied by owner,Bungalow,Tiles,Bricks,Tiles,House connection,Not shared facilities,Paved,15.62,3.7,0,0,0.313,0.497,0.681,0,0,0,20.811,2.973,0.74325,64,0.325171875
94,Household_26,Makindye,Ggaba,Nsubuga Godioz,high,7,36-60,Male,Tertiary,Government employee,">3,000,000",Household head,>5 years,Occupied by owner,Bungalow,Tiles,Bricks,Tiles,House connection,Not shared facilities,Paved,37.58,8,0,0,2.506,3.14,5.13,0,0.954,7.312,64.622,9.231714285714286,1.3188163265306123,220,0.29373636363636363
95,Household_27,Makindye,Ggaba,Nsubuga Godioz,high,6,36-60,Female,Tertiary,Private employee,">3,000,000",Household head,>5 years,Occupied by owner,Bungalow,Tiles,Bricks,Tiles,House connection,Not shared facilities,Paved,33.38,2.38,0,0.673,0.567,0.881,2.18,0.219,0.714,3.07,44.06400000000001,6.294857142857144,1.0491428571428574,144,0.30600000000000005
96,Household_28,Makindye,Ggaba,Nsubuga Godioz,high,4,36-60,Female,Tertiary,Business,"1,000,000-3,000,000",Son/daughter,>5 years,Occupied by owner,Bungalow,Tiles,Bricks,Tiles,House connection,Not shared facilities,Paved,18.82,4.76,0,0,0.213,0.327,0.468,0,0,0,24.588,3.512571428571429,0.8781428571428572,70,0.3512571428571429
97,Household_29,Makindye,Ggaba,Nsubuga Godioz,high,4,18-35,Female,Tertiary,Private employee,"1,000,000-3,000,000",Household head,>5 years,Occupied by owner,Story building,Tiles,Bricks,Tiles,House connection,Not shared facilities,Paved,20.5,2.5,0,0,0,0.5,1.5,0,0,1.05,26.05,3.721428571428571,0.9303571428571429,74,0.35202702702702704
98,Household_30,Makindye,Ggaba,Nsubuga Godioz,high,5,18-35,Female,Tertiary,Private employee,"1,000,000-3,000,000",Household head,>5 years,Occupied by owner,Bungalow,Tiles,Bricks,Tiles,House connection,Not shared facilities,Paved,28.31,3.25,0,0,0,0.703,1.812,0,0,0.346,34.42099999999999,4.917285714285713,0.9834571428571426,110,0.31291818181818176
99,Household_31,Makindye,Ggaba,Nsubuga Godioz,high,5,36-60,Male,Tertiary,Government employee,">3,000,000",Household head,>5 years,Rented,Story building,Tiles,Bricks,Tiles,House connection,Not shared facilities,Paved,53.52,6.342,0,0.234,0.476,1.673,2.346,0,1.095,2.345,68.031,9.718714285714286,1.9437428571428572,224,0.30370982142857145
100,Household_32,Makindye,Ggaba,Nsubuga Godioz,high,9,36-60,Male,Tertiary,Government employee,">3,000,000",Household head,>5 years,Occupied by owner,Story building,Tiles,Concrete blocks,Tiles,House connection,Not shared facilities,Paved,40.49,7.09,0,0,2.598,2.54,4.83,0,1.203,6.392,65.143,9.306142857142856,1.0340158730158733,220,0.29610454545454545
101,Household_33,Makindye,Ggaba,Nsubuga Godioz,high,14,36-60,Male,Tertiary,Business,">3,000,000",Household head,>5 years,Occupied by owner,Story building,Tiles,Bricks,Tiles,House connection,Not shared facilities,Paved,22.82,9.46,0,0,0.967,2.923,1.165,0,0,5.12,42.455,6.0649999999999995,0.5054166666666666,134,0.3168283582089552
102,Household_36,Makindye,Ggaba,Nsubuga Godioz,high,8,>60,Female,Tertiary,Private employee,"1,000,000-3,000,000",Spouse,>5 years,Occupied by owner,Bungalow,Tiles,Bricks,Tiles,House connection,Not shared facilities,Unpaved,19.442,0,0,0,1.651,0.833,1.656,0.306,0.123,1.098,25.109,3.5869999999999997,0.448375,80,0.3138625
103,Household_38,Makindye,Ggaba,Nsubuga Godioz,high,6,18-35,Male,Tertiary,Government employee,">3,000,000",Household head,>5 years,Rented,Story building,Tiles,Bricks,Tiles,House connection,Not shared facilities,Paved,31.98,1.45,0,0.367,0.645,0.243,0.619,0,0,3.79,39.094,5.584857142857143,0.9308095238095239,104,0.37590384615384614
